date,open,high,low,close,volume,adjclose,mean_sentiment
2021-05-06,127.88999938964844,129.75,127.12999725341795,129.74000549316406,78128300.0,128.9734344482422,-0.016976672960846727
2021-05-07,130.85000610351562,131.25999450683594,129.47999572753906,130.2100067138672,78973300.0,129.66053771972656,0.09786642178178136
2021-05-10,129.41000366210938,129.5399932861328,126.80999755859376,126.8499984741211,88071200.0,126.31470489501952,-0.07705551676748845
2021-05-11,123.5,126.2699966430664,122.7699966430664,125.91000366210938,126142800.0,125.3786849975586,-0.3014761833542293
2021-05-12,123.4000015258789,124.63999938964844,122.25,122.7699966430664,112172300.0,122.2519302368164,-0.24762271945566228
2021-05-13,124.58000183105467,126.1500015258789,124.26000213623048,124.97000122070312,105861300.0,124.4426498413086,0.04145860058819027
2021-05-14,126.25,127.88999938964844,125.8499984741211,127.4499969482422,81918000.0,126.91217803955078,0.2668727070443443
2021-05-17,126.81999969482422,126.93000030517578,125.16999816894533,126.2699966430664,74244600.0,125.73715209960938,-0.08262759752882028
2021-05-18,126.55999755859376,126.98999786376952,124.77999877929688,124.8499984741211,63342900.0,124.32315826416016,0.05196381728045451
2021-05-19,123.16000366210938,124.91999816894533,122.86000061035156,124.69000244140624,92612000.0,124.16382598876952,-0.1571034969141086
2021-05-20,125.2300033569336,127.72000122070312,125.0999984741211,127.30999755859376,76857100.0,126.77276611328124,0.4271377027034759
2021-05-21,127.81999969482422,128.0,125.20999908447266,125.43000030517578,79295400.0,124.90070343017578,-0.15433349199593066
2021-05-24,126.01000213623048,127.94000244140624,125.94000244140624,127.0999984741211,63092900.0,126.56365203857422,0.3045593708132704
2021-05-25,127.81999969482422,128.32000732421875,126.31999969482422,126.9000015258789,72009500.0,126.364501953125,0.09347404557694163
2021-05-26,126.95999908447266,127.38999938964844,126.41999816894533,126.8499984741211,56575900.0,126.31470489501952,0.21170877347941752
2021-05-27,126.44000244140624,127.63999938964844,125.08000183105467,125.27999877929688,94625600.0,124.75133514404295,0.15022847708314654
2021-05-28,125.56999969482422,125.8000030517578,124.5500030517578,124.61000061035156,71311100.0,124.08415985107422,0.3162276673441132
2021-06-01,125.08000183105467,125.3499984741211,123.94000244140624,124.27999877929688,67637100.0,123.75554656982422,0.06609394767472884
2021-06-02,124.27999877929688,125.23999786376952,124.0500030517578,125.05999755859376,59278900.0,124.53226470947266,-0.2096229555706183
2021-06-03,124.68000030517578,124.8499984741211,123.12999725341795,123.54000091552734,76229200.0,123.01868438720705,0.041047167032957
2021-06-04,124.06999969482422,126.16000366210938,123.8499984741211,125.88999938964844,75169300.0,125.3587646484375,0.16350973304361105
2021-06-07,126.16999816894533,126.31999969482422,124.83000183105467,125.9000015258789,71057600.0,125.36872863769533,0.07681868812036519
2021-06-08,126.5999984741211,128.4600067138672,126.20999908447266,126.73999786376952,74403800.0,126.2051773071289,-0.058961690507001355
2021-06-09,127.20999908447266,127.75,126.5199966430664,127.12999725341795,56877900.0,126.5935287475586,0.13184977410550133
2021-06-10,127.0199966430664,128.19000244140625,125.94000244140624,126.11000061035156,71186400.0,125.57784271240234,-0.029205968293050916
2021-06-11,126.52999877929688,127.44000244140624,126.0999984741211,127.3499984741211,53522400.0,126.81259155273438,-0.14321006700382152
2021-06-14,127.81999969482422,130.5399932861328,127.06999969482422,130.47999572753906,96906500.0,129.92938232421875,-0.13732756214504618
2021-06-15,129.94000244140625,130.60000610351562,129.38999938964844,129.63999938964844,62746300.0,129.0929412841797,-0.02686733024815718
2021-06-16,130.3699951171875,130.88999938964844,128.4600067138672,130.14999389648438,91815000.0,129.6007843017578,-0.13691190202519588
2021-06-17,129.8000030517578,132.5500030517578,129.64999389648438,131.7899932861328,96721700.0,131.23385620117188,0.04333456525993015
2021-06-18,130.7100067138672,131.50999450683594,130.24000549316406,130.4600067138672,108953300.0,129.90948486328125,0.16809646473266185
2021-06-21,130.3000030517578,132.41000366210938,129.2100067138672,132.3000030517578,79663300.0,131.74171447753906,-0.07009008364338014
2021-06-22,132.1300048828125,134.0800018310547,131.6199951171875,133.97999572753906,74783600.0,133.41461181640625,-0.007431017775088553
2021-06-23,133.77000427246094,134.32000732421875,133.22999572753906,133.6999969482422,60214200.0,133.13580322265625,-0.11487622831249611
2021-06-24,134.4499969482422,134.63999938964844,132.92999267578125,133.41000366210938,68711000.0,132.84703063964844,0.12860420976713713
2021-06-25,133.4600067138672,133.88999938964844,132.80999755859375,133.11000061035156,70783700.0,132.5482940673828,-0.03911696726249326
2021-06-28,133.41000366210938,135.25,133.35000610351562,134.77999877929688,62111300.0,134.21124267578125,0.26615178470456735
2021-06-29,134.8000030517578,136.49000549316406,134.35000610351562,136.3300018310547,64556100.0,135.75469970703125,-0.11915256548672915
2021-06-30,136.1699981689453,137.41000366210938,135.8699951171875,136.9600067138672,63261400.0,136.38204956054688,0.03755948591666916
2021-07-01,136.60000610351562,137.3300018310547,135.75999450683594,137.27000427246094,52485800.0,136.6907501220703,0.1943324330816234
2021-07-02,137.89999389648438,140.0,137.75,139.9600067138672,78852600.0,139.36940002441406,0.09315090017422796
2021-07-06,140.07000732421875,143.14999389648438,140.07000732421875,142.02000427246094,108181800.0,141.42071533203125,-0.044626000326954664
2021-07-07,143.5399932861328,144.88999938964844,142.66000366210938,144.57000732421875,104911600.0,143.95994567871094,0.09444836067291451
2021-07-08,141.5800018310547,144.05999755859375,140.6699981689453,143.24000549316406,105575500.0,142.6355438232422,-0.11755615094865579
2021-07-09,142.75,145.64999389648438,142.64999389648438,145.11000061035156,99890800.0,144.49765014648438,0.022103097707701767
2021-07-12,146.2100067138672,146.32000732421875,144.0,144.5,76299700.0,143.89022827148438,0.043351621716988815
2021-07-13,144.02999877929688,147.4600067138672,143.6300048828125,145.63999938964844,100827100.0,145.02542114257812,0.008955846116360707
2021-07-14,148.10000610351562,149.57000732421875,147.67999267578125,149.14999389648438,127050800.0,148.52059936523438,0.17663134451334672
2021-07-15,149.24000549316406,150.0,147.08999633789062,148.47999572753906,106820300.0,147.8534393310547,0.07895103683531807
2021-07-16,148.4600067138672,149.75999450683594,145.8800048828125,146.38999938964844,93251400.0,145.77224731445312,-0.10240973177766263
2021-07-19,143.75,144.07000732421875,141.6699981689453,142.4499969482422,121434600.0,141.84889221191406,-0.13361564837126197
2021-07-20,143.4600067138672,147.10000610351562,142.9600067138672,146.14999389648438,96350000.0,145.53326416015625,0.015962083849722773
2021-07-21,145.52999877929688,146.1300048828125,144.6300048828125,145.39999389648438,74993500.0,144.78643798828125,0.06256793751553805
2021-07-22,145.94000244140625,148.1999969482422,145.80999755859375,146.8000030517578,77338200.0,146.18052673339844,0.1917322573906465
2021-07-23,147.5500030517578,148.72000122070312,146.9199981689453,148.55999755859375,71447400.0,147.93310546875,0.19417023981447543
2021-07-26,148.27000427246094,149.8300018310547,147.6999969482422,148.99000549316406,72434100.0,148.36129760742188,-0.12606560322973465
2021-07-27,149.1199951171875,149.2100067138672,145.5500030517578,146.77000427246094,104818600.0,146.15065002441406,0.02415855038612161
2021-07-28,144.80999755859375,146.97000122070312,142.5399932861328,144.97999572753906,118931200.0,144.3682098388672,-0.06571047349474006
2021-07-29,144.69000244140625,146.5500030517578,144.5800018310547,145.63999938964844,56699500.0,145.02542114257812,0.12804505441403177
2021-07-30,144.3800048828125,146.3300018310547,144.11000061035156,145.86000061035156,70440600.0,145.24449157714844,-0.15264547512633728
2021-08-02,146.36000061035156,146.9499969482422,145.25,145.52000427246094,62880000.0,144.9059295654297,0.06978075732026366
2021-08-03,145.80999755859375,148.0399932861328,145.17999267578125,147.36000061035156,64786600.0,146.7381591796875,0.19096479701817545
2021-08-04,147.27000427246094,147.7899932861328,146.27999877929688,146.9499969482422,56368300.0,146.32989501953125,0.031005283597753272
2021-08-05,146.97999572753906,147.83999633789062,146.1699981689453,147.05999755859375,46397700.0,146.43942260742188,-0.03821287943778196
2021-08-06,146.35000610351562,147.11000061035156,145.6300048828125,146.13999938964844,54126800.0,145.7413330078125,-0.06580548339849737
2021-08-09,146.1999969482422,146.6999969482422,145.52000427246094,146.08999633789062,48908700.0,145.69146728515625,-0.2166770500189159
2021-08-10,146.44000244140625,147.7100067138672,145.3000030517578,145.60000610351562,69023100.0,145.20281982421875,0.1520173264181484
2021-08-11,146.0500030517578,146.72000122070312,145.52999877929688,145.86000061035156,48493500.0,145.4621124267578,-0.019071282994829943
2021-08-12,146.19000244140625,149.0500030517578,145.83999633789062,148.88999938964844,72282600.0,148.4838409423828,0.1985129053791752
2021-08-13,148.97000122070312,149.44000244140625,148.27000427246094,149.10000610351562,59375000.0,148.69326782226562,-0.033115309679897516
2021-08-16,148.5399932861328,151.19000244140625,146.47000122070312,151.1199951171875,103296000.0,150.70774841308594,-0.04253333747202969
2021-08-17,150.22999572753906,151.67999267578125,149.08999633789062,150.19000244140625,92229700.0,149.78030395507812,-0.08797302582289704
2021-08-18,149.8000030517578,150.72000122070312,146.14999389648438,146.36000061035156,86326000.0,145.9607391357422,-0.17818683421327955
2021-08-19,145.02999877929688,148.0,144.5,146.6999969482422,86960300.0,146.29981994628906,-0.15407347234514096
2021-08-20,147.44000244140625,148.5,146.77999877929688,148.19000244140625,60549600.0,147.78575134277344,-0.04569698723131105
2021-08-23,148.30999755859375,150.19000244140625,147.88999938964844,149.7100067138672,60131800.0,149.30162048339844,0.3112639732252078
2021-08-24,149.4499969482422,150.86000061035156,149.14999389648438,149.6199951171875,48606400.0,149.2118377685547,0.04025051445369756
2021-08-25,149.80999755859375,150.32000732421875,147.8000030517578,148.36000061035156,58991300.0,147.9552764892578,0.15250245715594954
2021-08-26,148.35000610351562,149.1199951171875,147.50999450683594,147.5399932861328,48597200.0,147.1375274658203,0.17916307603128445
2021-08-27,147.47999572753906,148.75,146.8300018310547,148.60000610351562,55802400.0,148.19464111328125,0.14393249799304447
2021-08-30,149.0,153.49000549316406,148.61000061035156,153.1199951171875,90956700.0,152.70228576660156,0.33109057663629454
2021-08-31,152.66000366210938,152.8000030517578,151.2899932861328,151.8300018310547,86453100.0,151.4158172607422,-0.2219482404238445
2021-09-01,152.8300018310547,154.97999572753906,152.33999633789062,152.50999450683594,80313700.0,152.09396362304688,0.18172000942614958
2021-09-02,153.8699951171875,154.72000122070312,152.39999389648438,153.64999389648438,71115500.0,153.23085021972656,-0.07664153293185567
2021-09-03,153.75999450683594,154.6300048828125,153.08999633789062,154.3000030517578,57808700.0,153.87908935546875,-0.36371712734907624
2021-09-07,154.97000122070312,157.25999450683594,154.38999938964844,156.69000244140625,82278300.0,156.2625732421875,-0.17159764133058153
2021-09-08,156.97999572753906,157.0399932861328,153.97999572753906,155.11000061035156,74420200.0,154.68687438964844,-0.09828828470781448
2021-09-09,155.49000549316406,156.11000061035156,153.9499969482422,154.07000732421875,57305700.0,153.64971923828125,-0.048561392387930766
2021-09-10,155.0,155.47999572753906,148.6999969482422,148.97000122070312,140893200.0,148.56361389160156,-0.4148341418298149
2021-09-13,150.6300048828125,151.4199981689453,148.75,149.5500030517578,102404300.0,149.1420440673828,-0.12311716179644307
2021-09-14,150.35000610351562,151.07000732421875,146.91000366210938,148.1199951171875,109296300.0,147.71592712402344,-0.0038730439109106955
2021-09-15,148.55999755859375,149.44000244140625,146.3699951171875,149.02999877929688,83281300.0,148.6234588623047,0.04680847862424949
2021-09-16,148.44000244140625,148.97000122070312,147.22000122070312,148.7899932861328,68034100.0,148.38409423828125,0.05540320989158419
2021-09-17,148.82000732421875,148.82000732421875,145.75999450683594,146.05999755859375,129868800.0,145.66156005859375,-0.2256528553672326
2021-09-20,143.8000030517578,144.83999633789062,141.27000427246094,142.94000244140625,123478900.0,142.55006408691406,-0.16889681294267564
2021-09-21,143.92999267578125,144.60000610351562,142.77999877929688,143.42999267578125,75834000.0,143.03872680664062,0.09225086637290444
2021-09-22,144.4499969482422,146.42999267578125,143.6999969482422,145.85000610351562,76404300.0,145.45213317871094,-0.22549925368820503
2021-09-23,146.64999389648438,147.0800018310547,145.63999938964844,146.8300018310547,64838200.0,146.42945861816406,-0.10678224636932963
2021-09-24,145.66000366210938,147.47000122070312,145.55999755859375,146.9199981689453,53477900.0,146.5192108154297,-0.17113901040446694
2021-09-27,145.47000122070312,145.9600067138672,143.82000732421875,145.3699951171875,74150700.0,144.97344970703125,-0.18507304526583263
2021-09-28,143.25,144.75,141.69000244140625,141.91000366210938,108972300.0,141.52288818359375,-0.17297554394478598
2021-09-29,142.47000122070312,144.4499969482422,142.02999877929688,142.8300018310547,74602000.0,142.44036865234375,-0.001386505696948962
2021-09-30,143.66000366210938,144.3800048828125,141.27999877929688,141.5,89056700.0,141.11399841308594,0.07499401915099538
2021-10-01,141.89999389648438,142.9199981689453,139.11000061035156,142.64999389648438,94639600.0,142.26084899902344,-0.08885189287719274
2021-10-04,141.75999450683594,142.2100067138672,138.27000427246094,139.13999938964844,98322000.0,138.76043701171875,-0.18575385466304628
2021-10-05,139.49000549316406,142.24000549316406,139.36000061035156,141.11000061035156,80861100.0,140.72506713867188,0.10086020317480518
2021-10-06,139.47000122070312,142.14999389648438,138.3699951171875,142.0,83221100.0,141.61264038085938,-0.11551025897885363
2021-10-07,143.05999755859375,144.22000122070312,142.72000122070312,143.2899932861328,61732700.0,142.89910888671875,0.2328682734229255
2021-10-08,144.02999877929688,144.17999267578125,142.55999755859375,142.89999389648438,58773200.0,142.51016235351562,0.08538066862055506
2021-10-11,142.27000427246094,144.80999755859375,141.80999755859375,142.80999755859375,64452200.0,142.42042541503906,-0.07266349608344691
2021-10-12,143.22999572753906,143.25,141.0399932861328,141.50999450683594,73035900.0,141.12396240234375,-0.27611416521776694
2021-10-13,141.24000549316406,141.39999389648438,139.1999969482422,140.91000366210938,78762700.0,140.52560424804688,-0.18396363565208096
2021-10-14,142.11000061035156,143.8800048828125,141.50999450683594,143.75999450683594,69907100.0,143.36782836914062,0.15484437662238876
2021-10-15,143.77000427246094,144.89999389648438,143.50999450683594,144.83999633789062,67940300.0,144.44488525390625,-0.0679319373454259
2021-10-18,143.4499969482422,146.83999633789062,143.16000366210938,146.5500030517578,85589200.0,146.1502227783203,0.19098977949815216
2021-10-19,147.00999450683594,149.1699981689453,146.5500030517578,148.75999450683594,76378900.0,148.35418701171875,0.30437775324576366
2021-10-20,148.6999969482422,149.75,148.1199951171875,149.25999450683594,58418800.0,148.8528289794922,0.10293192331989606
2021-10-21,148.80999755859375,149.63999938964844,147.8699951171875,149.47999572753906,61421000.0,149.07223510742188,-0.25895159743913965
2021-10-22,149.69000244140625,150.17999267578125,148.63999938964844,148.69000244140625,58883400.0,148.28439331054688,-0.3231895524111611
2021-10-25,148.67999267578125,149.3699951171875,147.6199951171875,148.63999938964844,50720600.0,148.23452758789062,0.10437824241100593
2021-10-26,149.3300018310547,150.83999633789062,149.00999450683594,149.32000732421875,60893400.0,148.9126739501953,0.21047178079963338
2021-10-27,149.36000061035156,149.72999572753906,148.49000549316406,148.85000610351562,56094900.0,148.44395446777344,-0.04922089545891204
2021-10-28,149.82000732421875,153.1699981689453,149.72000122070312,152.57000732421875,100077900.0,152.15380859375,0.046872585601845956
2021-10-29,147.22000122070312,149.94000244140625,146.41000366210938,149.8000030517578,124953200.0,149.391357421875,-0.16710197318574055
2021-11-01,148.99000549316406,149.6999969482422,147.8000030517578,148.9600067138672,74588300.0,148.55364990234375,0.030691089162862725
2021-11-02,148.66000366210938,151.57000732421875,148.64999389648438,150.02000427246094,69122000.0,149.6107635498047,-0.1346870165337653
2021-11-03,150.38999938964844,151.97000122070312,149.82000732421875,151.49000549316406,54511500.0,151.07675170898438,-0.039294347787896804
2021-11-04,151.5800018310547,152.42999267578125,150.63999938964844,150.9600067138672,60394600.0,150.54818725585938,-0.10194006465552818
2021-11-05,151.88999938964844,152.1999969482422,150.05999755859375,151.27999877929688,65463900.0,151.08750915527344,0.1943404899040858
2021-11-08,151.41000366210938,151.57000732421875,150.16000366210938,150.44000244140625,55020900.0,150.2485809326172,0.24588869797686735
2021-11-09,150.1999969482422,151.42999267578125,150.05999755859375,150.80999755859375,56787900.0,150.61810302734375,-0.21368814141800008
2021-11-10,150.02000427246094,150.1300048828125,147.85000610351562,147.9199981689453,65187100.0,147.73178100585938,-0.26852251189510995
2021-11-11,148.9600067138672,149.42999267578125,147.67999267578125,147.8699951171875,41000000.0,147.6818389892578,-0.021513997248779893
2021-11-12,148.42999267578125,150.39999389648438,147.47999572753906,149.99000549316406,63804000.0,149.7991485595703,0.09014276212432601
2021-11-15,150.3699951171875,151.8800048828125,149.42999267578125,150.0,59222800.0,149.8091278076172,0.0281087209454231
2021-11-16,149.94000244140625,151.49000549316406,149.33999633789062,151.0,59256200.0,150.807861328125,0.09631990395279393
2021-11-17,151.0,155.0,150.99000549316406,153.49000549316406,88807000.0,153.29469299316406,0.12476481486598577
2021-11-18,153.7100067138672,158.6699981689453,153.0500030517578,157.8699951171875,137827700.0,157.6691131591797,0.23981156367497464
2021-11-19,157.64999389648438,161.02000427246094,156.52999877929688,160.5500030517578,117305600.0,160.34571838378906,0.08308293726559436
2021-11-22,161.67999267578125,165.6999969482422,161.0,161.02000427246094,117467900.0,160.8151092529297,0.22505097972184773
2021-11-23,161.1199951171875,161.8000030517578,159.05999755859375,161.41000366210938,96041900.0,161.20462036132812,-0.3207447328604758
2021-11-24,160.75,162.13999938964844,159.63999938964844,161.94000244140625,69463600.0,161.73394775390625,-0.19071716245565956
2021-11-26,159.57000732421875,160.4499969482422,156.36000061035156,156.80999755859375,76959800.0,156.6104736328125,0.006615745595523289
2021-11-29,159.3699951171875,161.19000244140625,158.7899932861328,160.24000549316406,88748200.0,160.03610229492188,0.16941319288360693
2021-11-30,159.99000549316406,165.52000427246094,159.9199981689453,165.3000030517578,174048100.0,165.0896759033203,0.07443648180467824
2021-12-01,167.47999572753906,170.3000030517578,164.52999877929688,164.77000427246094,152052500.0,164.5603485107422,0.08078014878635732
2021-12-02,158.74000549316406,164.1999969482422,157.8000030517578,163.75999450683594,136739200.0,163.55162048339844,-0.22060974702042968
2021-12-03,164.02000427246094,164.9600067138672,159.72000122070312,161.83999633789062,118023100.0,161.63406372070312,-0.35131874336025404
2021-12-06,164.2899932861328,167.8800048828125,164.27999877929688,165.32000732421875,107497000.0,165.10964965820312,0.07384522378919557
2021-12-07,169.0800018310547,171.5800018310547,168.33999633789062,171.17999267578125,120405400.0,170.96217346191406,0.18093119506093283
2021-12-08,172.1300048828125,175.9600067138672,170.6999969482422,175.0800018310547,116998900.0,174.8572235107422,0.045111589445215136
2021-12-09,174.91000366210938,176.75,173.9199981689453,174.55999755859375,108923700.0,174.33787536621094,-0.0520783792518402
2021-12-10,175.2100067138672,179.6300048828125,174.69000244140625,179.4499969482422,115402700.0,179.22166442871094,0.010788968250515946
2021-12-13,181.1199951171875,182.1300048828125,175.52999877929688,175.74000549316406,153237000.0,175.51638793945312,0.030320214024848406
2021-12-14,175.25,177.74000549316406,172.2100067138672,174.3300018310547,139380400.0,174.10818481445312,-0.39743567012250425
2021-12-15,175.11000061035156,179.5,172.30999755859375,179.3000030517578,131063300.0,179.0718536376953,-0.04259186174891804
2021-12-16,179.27999877929688,181.13999938964844,170.75,172.25999450683594,150185800.0,172.04080200195312,-0.0083491492275429
2021-12-17,169.92999267578125,173.47000122070312,169.69000244140625,171.13999938964844,195432700.0,170.9222412109375,-0.2062808301437784
2021-12-20,168.27999877929688,170.5800018310547,167.4600067138672,169.75,107499100.0,169.53399658203125,-0.31818562774181675
2021-12-21,171.55999755859375,173.1999969482422,169.1199951171875,172.99000549316406,91185900.0,172.76988220214844,0.19317339268753175
2021-12-22,173.0399932861328,175.86000061035156,172.14999389648438,175.63999938964844,92135300.0,175.41650390625,0.0315287783337028
2021-12-23,175.85000610351562,176.85000610351562,175.27000427246094,176.27999877929688,68356600.0,176.05569458007812,0.07488873342958252
2021-12-27,177.08999633789062,180.4199981689453,177.07000732421875,180.3300018310547,74919600.0,180.1005401611328,0.09791257227512283
2021-12-28,180.16000366210935,181.3300018310547,178.52999877929688,179.2899932861328,79144300.0,179.06185913085938,-0.10461335705375728
2021-12-29,179.3300018310547,180.6300048828125,178.13999938964844,179.3800048828125,62348900.0,179.15174865722656,-0.04362405763111183
2021-12-30,179.47000122070312,180.57000732421875,178.08999633789062,178.1999969482422,59773000.0,177.97325134277344,-0.038660158184759416
2021-12-31,178.08999633789062,179.22999572753906,177.25999450683594,177.57000732421875,64062300.0,177.34405517578125,0.07193245259286075
2022-01-03,177.8300018310547,182.8800048828125,177.7100067138672,182.00999450683597,104487900.0,181.7783966064453,0.4281458579337784
2022-01-04,182.6300048828125,182.94000244140625,179.1199951171875,179.6999969482422,99310400.0,179.47134399414062,0.17302402114357235
2022-01-05,179.61000061035156,180.1699981689453,174.63999938964844,174.9199981689453,94537600.0,174.69741821289062,-0.1251005277840224
2022-01-06,172.6999969482422,175.3000030517578,171.63999938964844,172.0,96904000.0,171.78114318847656,0.10327612927786127
2022-01-07,172.88999938964844,174.13999938964844,171.02999877929688,172.1699981689453,86709100.0,171.950927734375,0.03847001185516516
2022-01-10,169.0800018310547,172.5,168.1699981689453,172.19000244140625,106765600.0,171.9709014892578,0.045438459757532836
2022-01-11,172.32000732421875,175.17999267578125,170.82000732421875,175.0800018310547,76138300.0,174.8572235107422,0.12552317673420688
2022-01-12,176.1199951171875,177.17999267578125,174.82000732421875,175.52999877929688,74805200.0,175.306640625,0.20248269099586955
2022-01-13,175.77999877929688,176.6199951171875,171.7899932861328,172.19000244140625,84505800.0,171.9709014892578,0.08120436865895513
2022-01-14,171.33999633789062,173.77999877929688,171.08999633789062,173.07000732421875,80440800.0,172.84979248046875,-0.11537058988366934
2022-01-18,171.50999450683594,172.5399932861328,169.41000366210938,169.8000030517578,90956700.0,169.5839385986328,-0.21229306134875076
2022-01-19,170.0,171.0800018310547,165.94000244140625,166.22999572753906,94815000.0,166.0184783935547,0.1379330551175497
2022-01-20,166.97999572753906,169.67999267578125,164.17999267578125,164.50999450683594,91420500.0,164.3006591796875,0.05022186231321822
2022-01-21,164.4199981689453,166.3300018310547,162.3000030517578,162.41000366210938,122848900.0,162.20335388183594,-0.17047857835052024
2022-01-24,160.02000427246094,162.3000030517578,154.6999969482422,161.6199951171875,162294600.0,161.41433715820312,-0.22196526384429524
2022-01-25,158.97999572753906,162.75999450683594,157.02000427246094,159.77999877929688,115798400.0,159.57669067382812,-0.1487282334904497
2022-01-26,163.5,164.38999938964844,157.82000732421875,159.69000244140625,108275300.0,159.48680114746094,0.05141676986521039
2022-01-27,162.4499969482422,163.83999633789062,158.27999877929688,159.22000122070312,121954600.0,159.0174102783203,-0.057899196605597225
2022-01-28,165.7100067138672,170.35000610351562,162.8000030517578,170.3300018310547,179935700.0,170.11326599121094,0.0919495561781029
2022-01-31,170.16000366210938,175.0,169.50999450683594,174.77999877929688,115541600.0,174.55760192871094,0.006518583242414566
2022-02-01,174.00999450683594,174.83999633789062,172.30999755859375,174.61000061035156,86213900.0,174.3878173828125,0.0654612486064434
2022-02-02,174.75,175.8800048828125,173.3300018310547,175.83999633789062,84914300.0,175.6162567138672,0.051974432831186614
2022-02-03,174.47999572753906,176.24000549316406,172.1199951171875,172.89999389648438,89418100.0,172.67999267578125,-0.4015633674620679
2022-02-04,171.67999267578125,174.10000610351562,170.67999267578125,172.38999938964844,82465400.0,172.38999938964844,0.09150426345704883
2022-02-07,172.86000061035156,173.9499969482422,170.9499969482422,171.66000366210938,77251200.0,171.66000366210938,0.10711015514527442
2022-02-08,171.72999572753906,175.35000610351562,171.42999267578125,174.8300018310547,74829200.0,174.8300018310547,0.1289794963163634
2022-02-09,176.0500030517578,176.64999389648438,174.89999389648438,176.27999877929688,71285000.0,176.27999877929688,0.2809572318499839
2022-02-10,174.13999938964844,175.47999572753906,171.5500030517578,172.1199951171875,90865900.0,172.1199951171875,-0.16352226666899192
2022-02-11,172.3300018310547,173.0800018310547,168.0399932861328,168.63999938964844,98670700.0,168.63999938964844,-0.053006543968851225
2022-02-14,167.3699951171875,169.5800018310547,166.55999755859375,168.8800048828125,86185500.0,168.8800048828125,-0.060539354904904044
2022-02-15,170.97000122070312,172.9499969482422,170.25,172.7899932861328,62527400.0,172.7899932861328,0.35891766274315223
2022-02-16,171.85000610351562,173.33999633789062,170.0500030517578,172.5500030517578,61177400.0,172.5500030517578,-0.23045994733305028
2022-02-17,171.02999877929688,171.91000366210938,168.47000122070312,168.8800048828125,69589300.0,168.8800048828125,-0.01680717720039962
2022-02-18,169.82000732421875,170.5399932861328,166.19000244140625,167.3000030517578,82772700.0,167.3000030517578,-0.1479247851918141
2022-02-22,164.97999572753906,166.69000244140625,162.14999389648438,164.32000732421875,91162800.0,164.32000732421875,-0.19308063198394818
2022-02-23,165.5399932861328,166.14999389648438,159.75,160.07000732421875,90009200.0,160.07000732421875,0.10379689312621687
2022-02-24,152.5800018310547,162.85000610351562,152.0,162.74000549316406,141147500.0,162.74000549316406,-0.06321420616632889
2022-02-25,163.83999633789062,165.1199951171875,160.8699951171875,164.85000610351562,91974200.0,164.85000610351562,-0.027923939174993685
2022-02-28,163.05999755859375,165.4199981689453,162.42999267578125,165.1199951171875,95056600.0,165.1199951171875,-0.21072124606753523
2022-03-01,164.6999969482422,166.60000610351562,161.97000122070312,163.1999969482422,83474400.0,163.1999969482422,-0.32950239042427554
2022-03-02,164.38999938964844,167.36000061035156,162.9499969482422,166.55999755859375,79724800.0,166.55999755859375,-0.1845528013955534
2022-03-03,168.47000122070312,168.91000366210938,165.5500030517578,166.22999572753906,76678400.0,166.22999572753906,-0.005041931489748625
2022-03-04,164.49000549316406,165.5500030517578,162.10000610351562,163.1699981689453,83737200.0,163.1699981689453,-0.2803595126954978
2022-03-07,163.36000061035156,165.02000427246094,159.0399932861328,159.3000030517578,96418800.0,159.3000030517578,-0.3155169838856003
2022-03-08,158.82000732421875,162.8800048828125,155.8000030517578,157.44000244140625,131148300.0,157.44000244140625,0.1011116080124069
2022-03-09,161.47999572753906,163.41000366210938,159.41000366210938,162.9499969482422,91454900.0,162.9499969482422,0.21827458379169304
2022-03-10,160.1999969482422,160.38999938964844,155.97999572753906,158.52000427246094,105342000.0,158.52000427246094,-0.07269592499954904
2022-03-11,158.92999267578125,159.27999877929688,154.5,154.72999572753906,96970100.0,154.72999572753906,-0.1582615811637668
2022-03-14,151.4499969482422,154.1199951171875,150.10000610351562,150.6199951171875,108732100.0,150.6199951171875,-0.18499469865734378
2022-03-15,150.89999389648438,155.57000732421875,150.3800048828125,155.08999633789062,92964300.0,155.08999633789062,-0.06345339187110466
2022-03-16,157.0500030517578,160.0,154.4600067138672,159.58999633789062,102300200.0,159.58999633789062,0.08355778036639094
2022-03-17,158.61000061035156,161.0,157.6300048828125,160.6199951171875,75615400.0,160.6199951171875,0.07249908531380314
2022-03-18,160.50999450683594,164.47999572753906,159.75999450683594,163.97999572753906,123511700.0,163.97999572753906,0.23614472437443004
2022-03-21,163.50999450683594,166.35000610351562,163.00999450683594,165.3800048828125,95811400.0,165.3800048828125,-0.12466225274321106
2022-03-22,165.50999450683594,169.4199981689453,164.91000366210938,168.82000732421875,81532000.0,168.82000732421875,0.20255137999615103
2022-03-23,167.99000549316406,172.63999938964844,167.64999389648438,170.2100067138672,98062700.0,170.2100067138672,0.24700678335596812
2022-03-24,171.05999755859375,174.13999938964844,170.2100067138672,174.07000732421875,90131400.0,174.07000732421875,0.07115084122414457
2022-03-25,173.8800048828125,175.27999877929688,172.75,174.72000122070312,80546200.0,174.72000122070312,0.048059430774160174
2022-03-28,172.1699981689453,175.72999572753906,172.0,175.60000610351562,90371900.0,175.60000610351562,0.046167262417615415
2022-03-29,176.69000244140625,179.00999450683594,176.33999633789062,178.9600067138672,100589400.0,178.9600067138672,0.17664322860508672
2022-03-30,178.5500030517578,179.61000061035156,176.6999969482422,177.77000427246094,92633200.0,177.77000427246094,0.09069855391898732
2022-03-31,177.83999633789062,178.02999877929688,174.39999389648438,174.61000061035156,103049300.0,174.61000061035156,-0.04455375634324081
2022-04-01,174.02999877929688,174.8800048828125,171.94000244140625,174.30999755859375,78699800.0,174.30999755859375,0.15468556611714035
2022-04-04,174.57000732421875,178.49000549316406,174.44000244140625,178.44000244140625,76468400.0,178.44000244140625,0.11888835714252173
2022-04-05,177.5,178.3000030517578,174.4199981689453,175.05999755859375,73401800.0,175.05999755859375,-0.21602548051724269
2022-04-06,172.36000061035156,173.6300048828125,170.1300048828125,171.8300018310547,89058800.0,171.8300018310547,0.00170402288259494
2022-04-07,171.16000366210938,173.36000061035156,169.85000610351562,172.13999938964844,77594700.0,172.13999938964844,0.03805802706294167
2022-04-08,171.77999877929688,171.77999877929688,169.1999969482422,170.08999633789062,76515900.0,170.08999633789062,-0.07678495375150451
2022-04-11,168.7100067138672,169.02999877929688,165.5,165.75,72246700.0,165.75,-0.029066559288560133
2022-04-12,168.02000427246094,169.8699951171875,166.63999938964844,167.66000366210938,79265200.0,167.66000366210938,-0.1827197701581532
2022-04-13,167.38999938964844,171.0399932861328,166.77000427246094,170.39999389648438,70618900.0,170.39999389648438,0.09746956560784616
2022-04-14,170.6199951171875,171.27000427246094,165.0399932861328,165.2899932861328,75237500.0,165.2899932861328,-0.07849544933619533
2022-04-18,163.9199981689453,166.60000610351562,163.57000732421875,165.07000732421875,69023900.0,165.07000732421875,-0.1596677877139627
2022-04-19,165.02000427246094,167.82000732421875,163.91000366210938,167.39999389648438,67723800.0,167.39999389648438,-0.01689741386113475
2022-04-20,168.75999450683594,168.8800048828125,166.10000610351562,167.22999572753906,67929800.0,167.22999572753906,-0.1731987299031147
2022-04-21,168.91000366210938,171.52999877929688,165.91000366210938,166.4199981689453,87227800.0,166.4199981689453,-0.10514930791728068
2022-04-22,166.4600067138672,167.8699951171875,161.5,161.7899932861328,84882400.0,161.7899932861328,-0.1407469010470134
2022-04-25,161.1199951171875,163.1699981689453,158.4600067138672,162.8800048828125,96046400.0,162.8800048828125,-0.2418226314880324
2022-04-26,162.25,162.33999633789062,156.72000122070312,156.8000030517578,95623200.0,156.8000030517578,-0.2134867377096304
2022-04-27,155.91000366210938,159.7899932861328,155.3800048828125,156.57000732421875,88063200.0,156.57000732421875,-0.1783563476349521
2022-04-28,159.25,164.52000427246094,158.92999267578125,163.63999938964844,130216800.0,163.63999938964844,0.08473098078647104
2022-04-29,161.83999633789062,166.1999969482422,157.25,157.64999389648438,131587100.0,157.64999389648438,-0.3726643277420884
